mCode,mTitle,mUPC,mDesc,mBrand,mCurr,mLowest,mHighest,mImages,CurrUPC,ProductName,BrandName,ProductDesc,ProductScore,Subcatecory,Category
OK,"Realime: 100% Lime Juice, 15 Fl Oz",014800582055,"100% lime juice from concentrateGreat for use in recipes, meat marinades, and saladsNatural StrengthGreat alternative to fresh limes",Dr. Pepper Snapple,,0,36.61,"['https://jetimages.jetcdn.net/md5/c23da1b9a07b49487ca008415125124b.500', 'http://ct.mywebgrocer.com/legacy/productimagesroot/DJ/3/243213.jpg', 'https://target.scene7.com/is/image/Target/GUEST_417a8cd8-0139-4829-a5b8-23c38545fcc6?wid=1000&hei=1000', 'https://i5.walmartimages.com/asr/90af72c0-747d-4682-8506-8c36e176eba0_1.7172ec2e67497859459ff31bf872716f.jpeg?odnHeight=450&odnWidth=450&odnBg=ffffff', 'http://img1.r10.io/PIC/72160609/0/1/250/72160609.jpg']",014800582055,Lime Juice,ReaLime,100% Lime Juice,70,Fruit Juice,Drinks
OK,"Ruffles Sour Cream & Onion Potato Chips, 8.5 oz",028400159630,"Sour Cream Potato Chips: "">Ruffles Potato Chips Sour Cream. Partially produced with genetic engineering. Poker can lead to losing things, like your shirt. But Eating Ruffles cream chips can lead to happy taste buds times. And that sounds like winning. Lucky you.","Frito-Lay, Inc.",,0,15.02,"['http://d2ul0w83gls0j4.cloudfront.net/products/10/600/1000185.jpg', 'https://jetimages.jetcdn.net/md5/22dbdb1dc239a842e15081d7f424f990.500', 'http://ct.mywebgrocer.com/legacy/productimagesroot/DJ/1/1090971.jpg', 'https://target.scene7.com/is/image/Target/13319584?wid=1000&hei=1000', 'https://i5.walmartimages.com/asr/763665e7-beee-47db-957c-6602a34d8ecd_1.d7f42121cf8c11e55cb63061a407ca1a.jpeg?odnHeight=450&odnWidth=450&odnBg=ffffff']",028400159630,Chips,Ruffles,Sour Cream & Onion Potato Chips,38,"Chips, Puffs, & Snack Mix",Snacks
INVALID_UPC,NA,NA,NA,NA,NA,NA,NA,NA,007800001133,Seltzer,Schweppes,"Seltzer, Lemon Lime Sparkling Seltzer Water",100,Unsweetened Water,Coffee tea water
INVALID_UPC,NA,NA,NA,NA,NA,NA,NA,NA,007153702083,Seltzer,Polar,Chocolate Seltzer,100,Unsweetened Water,Coffee tea water
OK,"Martha White Sweet Yellow Cornbread & Muffin Mix, 7 oz",013300513057,"Martha White Sweet Yellow Cornbread & Muffin Mix, 7 ozJust add milk and eggCornbread and Muffin MixJust Add Milk and Eggs! Convenient pre-measured pouch",The J.M. Smucker Company,,0.88,19.95,['https://i5.walmartimages.com/asr/570e784e-a03c-4974-bcba-43c68627de18_1.9c1e5387171578583dd929075325dbb3.jpeg?odnHeight=450&odnWidth=450&odnBg=ffffff'],013300513057,Cornbread Mix,Martha White,Sweet Yellow Cornbread & Muffin Mix,0,Baking Mixes,Desserts
OK,"Arnold Honey Wheat Sandwich Thins, 6 count, 12 Oz",073410955789,"All the things you love, less of what you don't! We've listened to you and made Arnold Sandwich Thins even better! Crafted with pride and baked with premium ingredients like olive oil and sea salt, each bite of Arnold Multigrain Sandwich Thins is now more satisfying and delicious than ever. Perfectly-sized, and now 75 calories per slice, you can enjoy the great taste of bread with none of the heaviness that can weigh you down. We love it and know you will to! Enjoy this mixture of whole wheat, oats, millet...",Arnold,,3.29,4.69,['https://jetimages.jetcdn.net/md5/2e03a4a2ee91df552a2ec5de75c52156.500'],073410955789,Bread,Arnold,Honey Wheat Thin Sandwich Bread,65,Bread Products,Grains
OK,"Ortega Hard & Soft Grande Taco Shells, 16 count, 13.5 oz",041501010181,Ortega Hard & Soft Grande Taco Shells:8 hard shells and 8 soft tortillasKosher,"B & G Foods, Inc.",,2,21.03,"['https://jetimages.jetcdn.net/md5/2bc5230d9466d41dca87e67039dd7273.500', 'https://i5.walmartimages.com/asr/5a8ba86d-3bef-4454-a444-f611035e8745_1.cfec7bc4eef632fcc9125d7c9011cd73.jpeg?odnHeight=450&odnWidth=450&odnBg=ffffff']",041501010181,Grande Tacos & Tortillas,Ortega,Grande Tacos & Tortillas,50,"Chips, Puffs, & Snack Mix",Snacks
INVALID_UPC,NA,NA,NA,NA,NA,NA,NA,NA,000000004240,BLUEBERRIES,,BLUEBERRIES,100,Fresh,Produce
OK,"LaCroix Sparkling Water, Passionfruit, 12 Fl Oz, 12 Ct",012993112059,"LaCroix Sparkling Water, Passionfruit, 12 Fl Oz, 12 Ct",LaCroix,,4.89,44.38,"['https://d29pz51ispcyrv.cloudfront.net/images/I/v0uWu6eM4K2eyVddk.MD256.JPEG', 'https://i5.walmartimages.com/asr/c3a8b4db-8a63-4710-afe3-bf48966e6b21_2.ddec4ef198c89ba60d22f1890175d70d.png?odnHeight=450&odnWidth=450&odnBg=ffffff', 'https://tshop.r10s.com/5fe/fef/b18d/bab1/3054/f9a7/6729/11ece899752c600c429092.JPG?_ex=512x512', 'http://site.unbeatablesale.com/GNFI13866.JPG']",012993112059,Sparkling Water,LaCroix,Passion Fruit Sparkling Water,100,Unsweetened Water,Coffee tea water
OK,Gunter's Pure Clover Honey 12 oz,021273100129,"Pure Clover Honey from Gunter's is produced from the nectar of clover blossoms, resulting in a sweet, flowery flavor and pleasant mild taste. It is one of the most common honeys used in kitchens for its versatile use. With great antioxidants and health benefits, you'll love sweetening your tea or smoothie, soothing a sore throat, drizzling some over pastries or incorporating into savory and sweet meals.",Martha White,,3.19,56.26,"['https://d29pz51ispcyrv.cloudfront.net/images/I/Rzuyue4brgLr3AeWb.MD256.JPEG', 'https://jetimages.jetcdn.net/md5/2c48d257f101104c7dbc59f2cc6d54b9.500', 'https://target.scene7.com/is/image/Target/47977431?wid=1000&hei=1000', 'https://i5.walmartimages.com/asr/f01a061f-e082-4a23-9232-41b78cf35406_1.7874bbe48b09402470a8d8da2a8c99ed.jpeg?odnHeight=450&odnWidth=450&odnBg=ffffff', 'https://tshop.r10s.com/b91/a5b/cf96/f437/2034/e165/d1c9/1152e7aff1a81e8495428d.gif?_ex=512x512', 'http://site.unbeatablesale.com/EB032/spdsp19400.gif', 'https://images10.newegg.com/ProductImageCompressAll200/A62V_1_201806071066033527.jpg']",021273100129,Honey,Gunters,"Honey, Pure, Clover",38,"Jams, Syrup, & Honey",Spreads dips
OK,NA,NA,NA,NA,NA,NA,NA,NA,041268118830,Honey,Hannaford,"Honey, Pure Clover",38,"Jams, Syrup, & Honey",Spreads dips
OK,NA,NA,NA,NA,NA,NA,NA,NA,011110428509,Milk,Simple Truth Organic,Organic Ultra-Pasteurized Whole Milk,72,Milk & Substitutes,Dairy and eggs
OK,"Birds EyeÂ&reg; SteamfreshÂ&reg; Mixtures Broccoli, Cauliflower & Carrots 10.8 oz. Bag",014500021298,BE SF CALIFORNIA BLN,Birds Eye Foods LLC.,,1.84,3.57,"['https://jetimages.jetcdn.net/md5/d94221e8b9556f651eed01c099e7f1d2.500', 'https://i5.walmartimages.com/asr/70e166cb-c417-426a-89b0-754a5ef6808d_1.e974f39623255c75a09ff3172aee2c01.jpeg?odnHeight=450&odnWidth=450&odnBg=ffffff']",014500021298,Vegetables,Birds Eye,"Steamfresh Frozen Broccoli, Cauliflower & Carrots",95,Frozen,Produce
OK,"Birds Eye Steamfresh Lightly Sauced Rotini & Vegetables, 11 Oz (Frozen)",014500024022,Now dinner's complete with Birds Eye? Steamfresh? Chef's Favorites sides. New look great taste! Cooks in bag!,Birds Eye,,3.6,3.88,['https://jetimages.jetcdn.net/md5/74f2b11bc2a0fa9cce509dd5ab4c0d25.500'],014500024022,Pasta Dinner,Steamfresh,Rotini & Vegetables Dinner,46,Meals & Entrees,Prepared meals
OK,Christmas Inflatable 20 Ft Tall Snowman With Vest & Top Hat Airblown Yard Prop,688267097126,,Unknown,NA,370.87,370.87,[],688267097126,Honey Wheat Bread,Stop & Shop Brand,Honey Wheat Bread,60,Bread Products,Grains
OK,Neese Regular Sausage Roll 1 Lb,070025000101,Neese Regular Sausage Roll 1 Lb,Neese Country Sausage,,3.98,3.98,['https://i5.walmartimages.com/asr/c95fc9de-12ca-463f-8286-bda87fa0d365_1.5643d6af884cd998ceab3faeafe6e797.jpeg?odnHeight=450&odnWidth=450&odnBg=ffffff'],070025000101,Sausage,Neese's,"Sausage, Country, Roll",17,Sausages & Hot Dogs,Meats
OK,Fresh Produce - Strawberries 2.00 lb,033383200309,,Fresh Produce,,0,0,['http://ct.mywebgrocer.com/legacy/productimagesroot/DJ/5/738635.jpg'],033383200309,California Giant Strawberries,,,100,Fresh,Produce
OK,"Domino Confectioners Sugar, 4 lbs",049200051955,Domino Confectioners Sugar: Approximately 15 cups10-X powdered15 calories per teaspoonKosher Domino powdered sugarPure cane sugarResealable package,"Domino Foods, Inc.",,3.78,24.95,"['http://images.jet.com/md5/a413353407e9ced9e99e213085960bd7.500', 'https://i5.walmartimages.com/asr/d4452b39-cb07-476a-ad26-2fa83bf0942a_1.38c922b9d1c4b850f27a8601ca11aeda.jpeg?odnHeight=450&odnWidth=450&odnBg=ffffff']",049200051955,Domino Confectioners Sugar,,,5,Sugar & Sweeteners,Baking ingredients
OK,NA,NA,NA,NA,NA,NA,NA,NA,011110800497,Pastries,Kroger,4 Danish Sticky Buns,0,Pastries,Desserts
OK,"Quaker Caramel Corn Rice Cakes, 6.56 oz",030000169100,"Quaker rice cakes satisfy your craving for a crunchy snack that won't make you feel weighed down, and because they're popped, and made with 5 grams of whole grains, they also satisfy your need to snack smarter. Eat them right out of the bag, or top them with a tasty spread to mix things up. Try caramel corn rice cakes with your favorite yogurt or cream cheese! With seven delicious flavors, you'll never run out of options.",The Quaker Oats Company,,0,108.9,"['https://jetimages.jetcdn.net/md5/3bafc117e33e0df43fc71d038997cd52.500', 'http://ct.mywebgrocer.com/legacy/productimagesroot/DJ/8/44988.jpg', 'https://target.scene7.com/is/image/Target/GUEST_7c9096bb-4f30-464c-a21a-7b5a83f13fb2?wid=1000&hei=1000', 'https://i5.walmartimages.com/asr/864d7725-c1ab-4cab-b030-583de51e1085_1.132d0a630cf62dddb4b4fb6e58c2b0c3.jpeg?odnHeight=450&odnWidth=450&odnBg=ffffff', 'http://img1.r10.io/PIC/25305486/0/1/250/25305486.jpg']",030000169100,Rice Cakes,Quaker,"Rice Cakes, Caramel",37,"Crackers, Pretzels, & Rice Snacks",Snacks
OK,"Kraft Stove Top Turkey Stuffing Mix Twin Pack, 12 oz",043000034187,"Kraft Stove Top Turkey Stuffing Mix Twin Pack, 12 oz","Kraft Foods Group, Inc.,",,1.79,9.99,"['https://jetimages.jetcdn.net/md5/bbaaa45f5f8d1939d6a88083956bcf04.500', 'http://target.scene7.com/is/image/Target/51474711?wid=1000&hei=1000', 'https://i5.walmartimages.com/asr/c081ca31-9009-4afc-98e7-42de5c3e9a43_1.b9d90ce8778a8d2091724518f42b9321.jpeg?odnHeight=450&odnWidth=450&odnBg=ffffff']",043000034187,Stuffing Mix,Stove Top,"Stuffing Mix, Turkey",22,Toppings & Stuffing,Condiments
OK,NA,NA,NA,NA,NA,NA,NA,NA,688267011191,Premium Salad Spring Mix,Stop & Shop Brand,Premium Salad Spring Mix,100,Fresh,Produce
OK,"Barcelona Fcb Window Panels Curtains Drapesftball Soccer Panels,",071279104119,,FC Barcelona,NA,0,99.99,['http://ct.mywebgrocer.com/legacy/productimagesroot/DJ/8/675618.jpg'],071279104119,Lettuce,Fresh Express,Iceberg Garden,100,Fresh,Produce
INVALID_UPC,NA,NA,NA,NA,NA,NA,NA,NA,007389000610,Bacon,Sugardale,"Bacon, Hickory Smoked, Regular Sliced",22,Pork,Meats
OK,NA,NA,NA,NA,NA,NA,NA,NA,077782003673,Sausage,Johnsonville,Red Wine & Cheese Sausage,5,Sausages & Hot Dogs,Meats
OK,NA,NA,NA,NA,NA,NA,NA,NA,688267083532,Onion,Stop and Shop,Fresh Onions,100,Fresh,Produce
INVALID_UPC,NA,NA,NA,NA,NA,NA,NA,NA,003003400425,Marshmallows,Giant Eagle,Marshmallows 10 oz,12,"Cookies, Candy, & Chocolate",Desserts
OK,NA,NA,NA,NA,NA,NA,NA,NA,011110503152,Cream,Kroger,Heavy Whipping Cream,19,Cream Products,Dairy and eggs
OK,Sweet Baby Ray's Sweet 'n Spicy Barbecue Sauce 18 oz,013409351000,"Sweet Baby Ray's Sweet 'n Spicy Barbecue Sauce is loaded with added jalapenos for the spice and molasses for sweetness. The result is great for some extra kick at mealtime by taking your food to new, fiery heights. It has a curious yet satisfying spicy finish to appease your taste buds.",Sweet Baby Ray's,,0,49.12,"['https://jetimages.jetcdn.net/md5/1f88ff271b959843c63f64cccd6e3731.500', 'http://ct.mywebgrocer.com/legacy/productimagesroot/DJ/4/174704.jpg', 'https://target.scene7.com/is/image/Target/GUEST_4fbfbba7-0969-4e54-af58-bfd548888343?wid=1000&hei=1000', 'http://i5.walmartimages.ca/images/Large/741/322/741322.jpg', 'https://i5.walmartimages.com/asr/5f8a8fef-a2ec-4289-86c4-874149b31db0_1.30ba10087bc99991b2eca23549060cec.jpeg?odnHeight=450&odnWidth=450&odnBg=ffffff']",013409351000,Barbecue Sauce,Sweet Baby Rays,Sweet 'n Spicy Barbecue Sauce,0,"Sauces, Gravies, & Marinade",Condiments
INVALID_UPC,NA,NA,NA,NA,NA,NA,NA,NA,002840058989,Cheese Flavored Snacks,Cheetos,Crunchy Flamin' Hot Cheese Flavored Snacks,13,"Chips, Puffs, & Snack Mix",Snacks
OK,SKINNY POP  87651 SKINNY POP SKNNYPK 6-100 CAL BAG - Pack of 10 - 3.9 OZ,850251004025,<b>Features</b><ul><li>Product - Skinny Pack</li><li>High Quality</li><li>Pack Of 10</li><li>Net Weight - 3.9 oz.</li></ul>,KeHe Distributors,,0,100,"['https://cdn.shopify.com/s/files/1/1195/5476/products/HG1162502.jpg?v=1540925333', 'https://jetimages.jetcdn.net/md5/8a245b9ef9cde392f047398c4c99eb1a.500', 'http://8016235491c6828f9cae-6b0d87410f7cc1525cc32b79408788c4.r96.cf2.rackcdn.com/1705/51163057_1.jpg', 'http://ct.mywebgrocer.com/legacy/productimagesroot/DJ/7/1075127.jpg', 'http://images.prosperentcdn.com/images/250x250/www.luckyvitamin.com/images/product/xlarge/151391.jpg', 'https://target.scene7.com/is/image/Target/16824019?wid=1000&hei=1000', 'https://i5.walmartimages.com/asr/ffe2dc6e-7863-4057-aa26-34cdbb7484a4_1.eb179d4223d5e155443e4a096350e515.jpeg?odnHeight=450&odnWidth=450&odnBg=ffffff', 'https://tshop.r10s.com/c49/325/c2b9/e407/809d/db7f/bbc8/11e4e7b222c4544488dd21.gif?_ex=512x512', 'http://c.shld.net/rpx/i/s/pi/mp/4143/7698673718?src=http%3A%2F%2Ficdn.tonzof.com%2F3%2F8%2F5%2F38521309999%2FSkinnyPop_Popcorn_6ea_Pack_of_10.jpg&d=7c28c40c14893d06dc5686c55ef45e359f54e8b3', 'http://site.unbeatablesale.com/img500/kehe19796.gif']",850251004025,Popcorn,Skinny Pop,Popcorn,65,"Chips, Puffs, & Snack Mix",Snacks
OK,Coronado Cajeta Quemada Leche De Cabra Dulce Goat Milk Candy 23oz From Mexico,688267043505,,,NA,12.99,12.99,[],688267043505,Celery,Stop and Shop,Celery Hearts,100,Fresh,Produce
OK,NA,NA,NA,NA,NA,NA,NA,NA,041735045102,Pasta,Price Chopper,Thin Spaghetti,25,Pancakes & Waffles,Grains
OK,TransOcean - Value Seafood 3.00 oz,715166138046,,TransOcean,,0,0,['http://ct.mywebgrocer.com/legacy/productimagesroot/DJ/3/1004073.jpg'],715166138046,Snackers,TransOcean,"Snackers, Seafood",42,Prepared,Fish and seafood
OK,NA,NA,NA,NA,NA,NA,NA,NA,078742097282,Great Value Hot Dog Buns,,,75,Pasta & Noodles,Grains
OK,NA,NA,NA,NA,NA,NA,NA,NA,041735132208,Cream,Pics,Half and Half,42,Cream Products,Dairy and eggs
OK,NA,NA,NA,NA,NA,NA,NA,NA,688267011535,Premium Salad American Blend,Stop & Shop Brand,Premium Salad American Blend,100,Fresh,Produce
INVALID_UPC,NA,NA,NA,NA,NA,NA,NA,NA,000000004614,COLLARD GREENS,,COLLARD GREENS,100,Fresh,Produce
OK,"Swedish Fish Soft Chewy Candy (original, 3.5-pound Bulk Bag)",070462431605,"3.5-lb. bag of red Swedish Fish Soft, chewy and delicious Great for parties and more Comes in a resealable bag Fat-free",Swedish Fish,,6.69,23.99,"['http://8016235491c6828f9cae-6b0d87410f7cc1525cc32b79408788c4.r96.cf2.rackcdn.com/3554/84313924_1.jpg', 'http://scene7.samsclub.com/is/image/samsclub/0007046243159_A?$img_size_211x208$']",070462431605,"Swedish Fish, 56 Oz.",,,0,"Cookies, Candy, & Chocolate",Desserts
OK,NA,NA,NA,NA,NA,NA,NA,NA,041735045188,Pasta,Price Chopper,Small Shells,33,Bread Products,Grains
OK,Healthy Choice Simply Chicken Stir Fry 9.25oz,072655001251,"Find Prepared Appetizers, Meals And Sides at Target.com! Healthy Choice Simply Chicken Stir Fry 9.25oz",Healthy Choice,,3,3.34,['http://scene7.targetimg1.com/is/image/Target/26397715?wid=1000&hei=1000'],072655001251,Frozen Entrée,Healthy Choice,Chicken & Vegetable Stir Fry Frozen Entrée,55,Meals & Entrees,Prepared meals
OK,"Rachael Ray Stock-In-A-Box: Chicken Flavored Stock, 32 Fl Oz",039153101401,"Rachael Ray Stock-In-A-Box Chicken Flavored Stock, 32 Fl Oz: All-naturalRecipe on back32 fl oz of canned chicken stockAdds more flavor than water",Colavita USA LLC,,0,3.72,"['https://jetimages.jetcdn.net/md5/6744e28744a26bb75315b9f47cf123c0.500', 'http://ct.mywebgrocer.com/legacy/productimagesroot/DJ/2/691812.jpg', 'https://i5.walmartimages.com/asr/b9848301-5cbf-4216-aa11-a1da0b920995_1.03315e85ebb7d6856f3ab6043a644ef2.jpeg?odnHeight=450&odnWidth=450&odnBg=ffffff', 'http://img1.r10.io/PIC/97260881/0/1/250/97260881.jpg', 'http://site.unbeatablesale.com/EB021/kehe827.gif']",039153101401,Stock,Rachael Ray,"Stock, Chicken",24,Soups & Broths,Prepared meals
OK,Heinz Home Style Savory Beef Gravy 18 oz,013000797702,"Heinz HomeStyle Savory Beef Gravy enhances your family's favorite meals with classic beef flavor. This tasty gravy is made with real ingredients, including beef stock, to deliver the smooth texture and tangy taste you love. This beef gravy contains no preservatives. Use this homestyle gravy to make any meat and potatoes family dinner more enjoyable. Pour this delicious gravy over mashed potatoes, serve it alongside chicken fried steak, pour it over pot roast or add some extra flavor to a roast beef sandwic...",Heinz,,1.99,77.46,"['https://jetimages.jetcdn.net/md5/6bf1d467024f9f8c0d7e17df9897e9fd.500', 'https://target.scene7.com/is/image/Target/GUEST_583456fb-c085-4b0f-b5d5-c67bee6e2cac?wid=1000&hei=1000', 'https://i5.walmartimages.com/asr/f12c4716-b1a4-4c91-969a-c9438744deb2_1.f7d647a49c0919ad473184e2644f82fd.jpeg?odnHeight=450&odnWidth=450&odnBg=ffffff']",013000797702,Gravy,Heinz,Home Style Savory Beef Gravy,14,"Sauces, Gravies, & Marinade",Condiments
INVALID_UPC,NA,NA,NA,NA,NA,NA,NA,NA,000000004470,SALAD BAR,,SALAD BAR,100,Fresh,Produce
OK,Michael Jackson Reg & Diet Pepsi Bottle's. 2018 Limited Ed. Music Gen. Series,012000171741,,Pepsi,NA,6.98,7.74,[],012000171741,Soda,Pepsi,"Diet Pepsi, Original ",5,Soda,Drinks
OK,NA,NA,NA,NA,NA,NA,NA,NA,688267027840,Pink Beans,Stop & Shop Brand,Pink Beans,46,Beans & Legumes,Legumes and nuts
INVALID_UPC,NA,NA,NA,NA,NA,NA,NA,NA,007343507032,Rolls,King's,Original Hawaiian Sweet Dinner Rolls,80,Bread Products,Grains
OK,NA,NA,NA,NA,NA,NA,NA,NA,036632008664,Yogurt,Dannon,Triple Zero Blended Nonfat Greek Chocolate Yogurt,90,Yogurts & Dairy Drinks,Dairy and eggs
OK,NA,NA,NA,NA,NA,NA,NA,NA,036632011022,Yogurt,Oikos,Crunch Vanilla Almond Greek Yogurt,79,Yogurts & Dairy Drinks,Dairy and eggs
OK,TOMBSTONE - Pizza - Original Pepperoni & Sausage 20.60 oz,071921561970,,TOMBSTONE,,0,6.07,"['https://jetimages.jetcdn.net/md5/512221abf28aea9f16bf02f5ac2a73f7.500', 'http://ct.mywebgrocer.com/legacy/productimagesroot/DJ/1/1319421.jpg']",071921561970,Pizza,Tombstone,Original Pepperoni & Sausage Pizza,21,Meals & Entrees,Prepared meals
OK,NA,NA,NA,NA,NA,NA,NA,NA,041735017437,Scallops,Pics,Bay Scallops,80,Prepared,Fish and seafood
OK,Gatorade G Zero Sugar Lemon Lime Sports Drink - 32 fl oz Bottle,052000042276,"Developed for athletes that prefer a low-sugar, low-calorie alternative. Gatorade Zero has no sugar with the same electrolytes as Gatorade Thirst Quencher. With three refreshing flavors to keep you in the game, you can tailor your training and nutrition to your taste. When you sweat, you lose more than water. Losses in fluids and electrolytes can negatively impact performance. Gatorade Zero contains critical electrolytes to help replace what's lost in sweat. Age Group: Adult.",Gatorade,,0.99,1,['https://target.scene7.com/is/image/Target/GUEST_0da7d93b-39cb-4873-a789-fd667195953a?wid=1000&hei=1000'],052000042276,Sports Drink,Gatorade,"Sports Drink, Lemon Lime",45,Sweetened Water,Drinks
OK,NA,NA,NA,NA,NA,NA,NA,NA,190569123002,Veggie Tots,Green Giant,Cauliflower Veggie Tots,75,Appetizers & Sides,Prepared meals
OK,StarKist Solid White Water Low Sodium 5oz,080000005199,,StarKist,,1.19,6.36,"['https://jetimages.jetcdn.net/md5/39988b542dd2708401f88b69f49615c3.500', 'https://target.scene7.com/is/image/Target/GUEST_a97d6159-d10d-4423-b5ac-a600a6cf5131?wid=1000&hei=1000', 'https://i5.walmartimages.com/asr/8add0dbf-c6f0-465e-b924-5558a4cbe008_2.eedf0c42ff1a0732344c342e9b1977f7.jpeg?odnHeight=450&odnWidth=450&odnBg=ffffff']",080000005199,Fish,Starkist,Solid White Albacore Tuna in Water,70,Prepared,Fish and seafood
OK,"Skippy Natural Creamy Peanut Butter Spread with Honey, 15 oz",037600105088,Good Source of Vitamin ENo Need to StirKosherGluten Free,Hormel Foods Corp. Grocery,,0,11.4,"['https://jetimages.jetcdn.net/md5/064ed091784977196b719e475c478ab2.500', 'http://ct.mywebgrocer.com/legacy/productimagesroot/DJ/2/1343832.jpg', 'https://target.scene7.com/is/image/Target/13294468?wid=1000&hei=1000', 'https://i5.walmartimages.com/asr/8163a75b-3797-49cd-94ff-395a139da8c6_1.c994e2985b76c24088b7e4d4552718b1.jpeg?odnHeight=450&odnWidth=450&odnBg=ffffff']",037600105088,Peanut Butter Spread,Skippy,"Peanut Butter Spread, Creamy, with Honey",58,Nut & Seed Butter,Spreads dips
OK,Sparkling Spring Water 17 FL OZ PLASTIC BOTTLE,016571911256,Lemon Lime,"TALKING RAIN BEVERAGE CO., INC",,0,22.99,"['http://ct.mywebgrocer.com/legacy/productimagesroot/DJ/9/954739.jpg', 'http://c.shld.net/rpx/i/s/i/spin/10127449/prod_ec_1701247502', 'http://c.shld.net/rpx/i/s/i/spin/10127449/prod_ec_1701247502']",016571911256,Sparkling Water,Sparkling Ice,"Sparkling Water, Lemon Lime",50,Sweetened Water,Drinks
OK,"Nabisco Strawberry Newtons, 10 oz",044000046507,"Nabisco Newtons Soft Chewy Strawberry Fruit Chewy Cookies. Made with real fruit. No high fructose corn syrup.5g whole grain per 29g serving. Sealed. Slit appears when opened. Per 2 Cookies: 100 Calories.0g sat fat, 0% DV.95mg sodium, 4% DV.12g sugars. Chewy Strawberry Fruit Chewy Cookies, 10.0 OZNabisco Newtons Soft",Mondelez,,2.98,33.99,"['https://d29pz51ispcyrv.cloudfront.net/images/I/0Vu2uXNxvEMRXOZ48.MD256.JPEG', 'https://jetimages.jetcdn.net/md5/2ff768ff7d95f36591ef6d9672378b4f.500', 'https://i5.walmartimages.com/asr/98901220-faef-4036-ba5e-0813b9285e9e_1.fe04360c5f4fda43fd9de59a396e2be3.jpeg?odnHeight=450&odnWidth=450&odnBg=ffffff']",044000046507,Cookies,Fig Newton's,Strawberry Filling Cookies,0,"Cookies, Candy, & Chocolate",Desserts
OK,"Fresh Blueberries, 2 lb",812049006246,,PRODUCE UNBRANDED,,7.04,7.04,['https://i5.walmartimages.com/asr/4d40c512-1296-4a6e-89d0-523d33a67fad_1.7cc4268c924d3c623e348c30902aea31.jpeg?odnHeight=450&odnWidth=450&odnBg=ffffff'],812049006246,Blueberries,Naturipe,Blueberries,100,Fresh,Produce
OK,Dole - Spinach Salad Kit 6.40 oz,071430010747,Find Fruit And Vegetables at Target.com! Spinach Salad Kit Cherry Almond Bleu 6.4 Oz,Dole,,0,3.99,"['http://ct.mywebgrocer.com/legacy/productimagesroot/DJ/0/949950.jpg', 'http://scene7.targetimg1.com/is/image/Target/23974786?wid=1000&hei=1000']",071430010747,Salad Kit,Dole,"Salad Kit, Spinach Cherry Almond Bleu",65,Meals & Entrees,Prepared meals
OK,NA,NA,NA,NA,NA,NA,NA,NA,036632038258,Yogurt,Light & Fit,S'Mores Nonfat Greek Yogurt Crunch,64,Yogurts & Dairy Drinks,Dairy and eggs
OK,NA,NA,NA,NA,NA,NA,NA,NA,077890019122,Wegmans Food You Feel Good About Milk,Wegmans,"Milk, Low fat 1% milk",90,Milk & Substitutes,Dairy and eggs
INVALID_UPC,NA,NA,NA,NA,NA,NA,NA,NA,007047049653,Yogurt,Oui!,"Yogurt, Blueberry",60,Yogurts & Dairy Drinks,Dairy and eggs
INVALID_UPC,NA,NA,NA,NA,NA,NA,NA,NA,000000004671,PARSLEY,,PARSLEY,100,Fresh,Produce
OK,"Morningstar Farms Black Bean Burger, 9.5 Oz (Frozen)",028989100641,"Morning Star Farms? Spicy Black Bean Burgers. Per 1 burger: 110 calories. 0.5g sat fat, 3% DV. 330mg sodium, 14% DV. 1g sugars. 100% vegetarian. Southwestern veggie burger with black beans, corn & tomatoes.72% less fat than regular ground beef.10g protein.4g fiber. Contains 4g total fat per serving.4 veggie burgers.",MorningStar Farms,,4.88,4.99,['https://jetimages.jetcdn.net/md5/2b4575fc088a01a23ff923166788c158.500'],028989100641,Burger,Morning Star Farms,Spicy Black Bean Burger,75,Meat Substitutes,Meats
OK,Joy Clothes Drier Easy Portable Drying System 403055 Graphite Gray,041268193875,,Not Applicable,NA,96.82,96.82,[],041268193875,Fat Free Milk,Hannaford,Fat Free Milk,90,Milk & Substitutes,Dairy and eggs
OK,Nellies Nellie's 12 Large Free Range Brown Eggs,815652004180,NE 12 LG FRRNG BRN A,"Pete and Gerry's Organics, LLC.",,4.24,5.58,"['https://jetimages.jetcdn.net/md5/f35dbc1b0949303a76468262b558331b.500', 'https://i5.walmartimages.com/asr/158172d0-fc4c-41ee-a198-549f256e317c_3.1efad240fb9892dfdc345d80c5f56682.jpeg?odnHeight=450&odnWidth=450&odnBg=ffffff']",815652004180,Eggs,Nellies,"Eggs, Free Range, Brown, Large",90,Eggs & Substitutes,Dairy and eggs
OK,NA,NA,NA,NA,NA,NA,NA,NA,041268190058,Celery,Hannaford,Celery Hearts Cold Water Washed,100,Fresh,Produce
OK,NA,NA,NA,NA,NA,NA,NA,NA,688267097676,Cavatappi,Stop & Shop Brand,Cavatappi,21,Breakfast Cereals,Grains
INVALID_UPC,NA,NA,NA,NA,NA,NA,NA,NA,003582609519,Sugar,Food Town Stores,Sugar,5,Sugar & Sweeteners,Baking ingredients
INVALID_UPC,NA,NA,NA,NA,NA,NA,NA,NA,000000003053,PARSNIP,,PARSNIP,100,Fresh,Produce
OK,NA,NA,NA,NA,NA,NA,NA,NA,043301611643,French Fries,Grown In Idaho,"French Fries, Hand Cut Style",32,Appetizers & Sides,Prepared meals
OK,Al Fresco Af Unc Orig Fc Ckn Bacon 12/3oz,030771094632,Al Fresco Original Uncured Chicken Bacon: All naturalNo artificial ingredients and minimally processedFully cooked40% less sodium (than USDA data for cooked pork bacon)70% less fat than pork bacon (than USDA data for cooked pork bacon)No nitrates or nitrites added except those naturally occurring in sea salt and celery powder2 easy open pouches,"Kayem Foods, Inc.",,3.58,4.93,['https://i5.walmartimages.com/asr/ed844496-5f0b-4c14-90fb-f048cdef81ca_1.fd5448da8fd5fcbf698a174bfa3279f5.jpeg?odnHeight=450&odnWidth=450&odnBg=ffffff'],030771094632,Bacon,AL Fresco,Original Uncured Chicken Bacon,55,Chicken & Poultry,Meats
OK,"Great Value: Pure Cane Sugar, 4 Lb",078742228037,"Great Value Pure Cane Sugar, 4 lbs: Naturally gluten-free foodGluten-free sugar is granulatedKosher baking sugar4-lb bagUse to sweeten your beveragesUse in your dessert baking such as cookies and pastries","Wal-Mart Stores, Inc.",,1.98,38,['https://i5.walmartimages.com/asr/62b7b3f0-74ff-456b-9ba0-f359427c0163_1.d67dd11de6ab3cf94e4fc2065bffa078.jpeg?odnHeight=450&odnWidth=450&odnBg=ffffff'],078742228037,Sugar,Great Value,Pure Sugar,10,Sugar & Sweeteners,Baking ingredients
OK,NA,NA,NA,NA,NA,NA,NA,NA,020662006028,Pizza,Newman's Own,Thin & Crispy Supreme Pizza,23,Meals & Entrees,Prepared meals
OK,NA,NA,NA,NA,NA,NA,NA,NA,041735043504,Eggs,Pics,Large Grade A Eggs,90,Eggs & Substitutes,Dairy and eggs
OK,Little Debbie Cosmic Cupcakes 6ct,024300045028,"Treat yourself to an indulgent snack cake with the Cosmic Cupcakes from Little Debbie. Combining two classics, these cakes feature the best part of cosmic brownies and chocolate cupcakes to create an original creme-filled cupcake with colorful, chocolate sprinkles. This snack package includes six individually wrapped cupcakes so you can share with friends or keep all to yourself.",Little Debbie,,3.09,10.99,['https://target.scene7.com/is/image/Target/GUEST_ed2c6c3f-8cbb-4bf2-bccd-2332c0c3b61a?wid=1000&hei=1000'],024300045028,Cakes ,Little Debbie,"Cakes, Turtle Brownies",0,Pastries,Desserts
OK,"RXBAR Protein Bar, Peanut Butter Chocolate, 12g Protein, 12 Ct",857777004683,Gluten Free,RXBAR,,2.49,314.71,"['https://jetimages.jetcdn.net/md5/493b341095c4de3e43f162e1d6b3dafc.500', 'https://i5.walmartimages.com/asr/17fefb81-cb29-45e7-907c-d235e844c48d_1.252ffa50305fbb7cc3aff3e98c37a1e6.jpeg?odnHeight=450&odnWidth=450&odnBg=ffffff', 'https://tshop.r10s.com/cbe/3c0/d1dd/899e/c0d9/8715/29fd/117ae98cd50242ac110002.JPG?_ex=512x512', 'http://site.unbeatablesale.com/GNFI17120.JPG']",857777004683,Protein Bar,RXBar,Peanut Butter Chocolate Protein Bar,44,Snack Bars & Meal Substitutes,Snacks
OK,Cape Cod Original Kettle Chips,020685001642,"Hand-selected potatoes. Canola oil. Salt. The simplest ingredients transformed into a ridiculously good kettle cooked potato chip, one small batch at a timeNo preservatives, artificial colors or flavorsPerfect size bag for sharing with family and friends",Snyder's-Lance,,2.5,57.34,"['https://d29pz51ispcyrv.cloudfront.net/images/I/MWugu5yZamZ8mxm7w.MD256.JPEG', 'http://d2ul0w83gls0j4.cloudfront.net/products/91/600/912089.jpg', 'https://jetimages.jetcdn.net/md5/06b6b4a464b0f0efa262a930ab247fda.500', 'https://i5.walmartimages.com/asr/368b6ce1-efbb-476c-b4d7-17ea45f00cea_1.b0c75908e52012b761a1444dee2239c0.jpeg?odnHeight=450&odnWidth=450&odnBg=ffffff', 'https://tshop.r10s.com/4a4/28e/0b76/2eab/c090/5cd8/7c9b/11f7e9ad0f0242ac110002.jpg?_ex=512x512', 'http://site.unbeatablesale.com/GNFI13691.JPG']",020685001642,Chips,Cape Cod,"Kettle Cooked Potato Chips, Original",55,"Chips, Puffs, & Snack Mix",Snacks
OK,NA,NA,NA,NA,NA,NA,NA,NA,815652002209,Eggs,Pete And Gerry's,Large Organic Eggs,90,Eggs & Substitutes,Dairy and eggs
OK,NA,NA,NA,NA,NA,NA,NA,NA,012000172526,Soda,Pepsi,Diet Pepsi ,1,Soda,Drinks
OK,Nestle Toll House Dark Chocolate Morsels 20 oz,028000394257,"Nestle Toll House Dark Chocolate Morsels, with 53 percent cacao real dark chocolate, bring a rich chocolate flavor bakers love. These morsels bring richer recipes like brownies, bark and fudge to life, making them perfect for any baker's kitchen. Size: 20 ounces.",Nestle,,0,53.4,"['https://jetimages.jetcdn.net/md5/7ba9e76428d68801ff743dfe6d50d796.500', 'http://ct.mywebgrocer.com/legacy/productimagesroot/DJ/3/1156843.jpg', 'https://target.scene7.com/is/image/Target/GUEST_b1618dc2-68fb-465f-b268-66d2bae8d425?wid=1000&hei=1000', 'https://i5.walmartimages.com/asr/2b477132-bd48-4a24-b1c4-e6c333bf4ee3_1.64ec42488549234b47fa71176d6aed18.jpeg?odnHeight=450&odnWidth=450&odnBg=ffffff']",028000394257,Chocolate,Toll House,"Chocolate, Dark, Morsels",48,Cocoa & Chocolate,Baking ingredients
INVALID_UPC,NA,NA,NA,NA,NA,NA,NA,NA,002900001604,Cashews,Nabisco Food Company,"Cashews, Lovers Mix",80,Nuts & Seeds,Legumes and nuts
OK,NA,NA,NA,NA,NA,NA,NA,NA,011110971395,Beef,Private Selection,Angus Ground Beef 80% Lean,37,Beef & Veal,Meats
OK,NA,NA,NA,NA,NA,NA,NA,NA,688267108853,Mandarins,Stop & Shop,Fresh Mandarins,100,Fresh,Produce
OK,"Bush's Best Homestyle Baked Beans, 8.3 oz",039400015901,"Bush's Best Homestyle Baked Beans, 16 oz: Bush's Best since 1908Gluten-freeFrom the Bush family to yoursBush's Best beans are high in fiber",Bush Brothers & Company,,0,5.99,"['https://jetimages.jetcdn.net/md5/c222dbfdcec94213dd4cd4e4787def50.500', 'http://ct.mywebgrocer.com/legacy/productimagesroot/DJ/3/1109873.jpg', 'https://i5.walmartimages.com/asr/cc1689ec-8e06-4d61-a18b-b06cd551d489_1.81bf90bf22c7fde69af04ac9f998eae9.jpeg?odnHeight=450&odnWidth=450&odnBg=ffffff']",039400015901,"Baked Beans, Homestyle",Bush's Best,"Baked Beans, Homestyle",32,Nuts & Seeds,Legumes and nuts
INVALID_UPC,NA,NA,NA,NA,NA,NA,NA,NA,004133536378,Salad Dressing,Ken's,Italian Vinaigrette Italian Dressing,63,Salad Dressing,Oil vinegar dressing
INVALID_UPC,NA,NA,NA,NA,NA,NA,NA,NA,087744800162,Pesto,Rana,"Pesto, Basil",45,"Condiments (ketchup, mustard, & mayonnaise)",Condiments
INVALID_UPC,NA,NA,NA,NA,NA,NA,NA,NA,007490836021,Pizza Sauce,Del Grosso,Pizza Sauce,18,"Sauces, Gravies, & Marinade",Condiments
OK,NA,NA,NA,NA,NA,NA,NA,NA,643126072065,Pineapple,Dole,Pineapple,100,Fresh,Produce
OK,NA,NA,NA,NA,NA,NA,NA,NA,629307042546,Fresh Creamer Potatoes,Dynamic Duo,Fresh Creamer Potatoes,75,Appetizers & Sides,Prepared meals
OK,NA,NA,NA,NA,NA,NA,NA,NA,709351301452,Green Beans,Eat Smart,Green Beans,100,Frozen,Produce
OK,"Orbit(R) Bubblemint Gum Bottles, 2.70 Oz.",022000014757,"Enjoy minty, long-lasting flavor with this Orbit Bubblemint chewing gum! It's an easy way to make sure your breath is fresh after a meal or before meeting with friends or colleagues. Orbit Bubblemint gum delivers cool mint flavor. Packaged in a convenient, resealable plastic gum bottle. Contains 55 pieces of gum per bottle. Orbit(R) Bubblemint Gum Bottles, 2.70 Oz is one of many  available through Office Depot. Made by Orbit.",Orbit,,0,102.96,"['https://jetimages.jetcdn.net/md5/c8404a38e44122f34d0f46d28ca47e3d.500', 'http://ct.mywebgrocer.com/legacy/productimagesroot/DJ/8/1051578.jpg', 'https://target.scene7.com/is/image/Target/14718907?wid=1000&hei=1000', 'https://i5.walmartimages.com/asr/443d570c-5fe3-4d3c-965e-351061211101_1.731fd10ab4f6783a83f496222cc027b5.jpeg?odnHeight=450&odnWidth=450&odnBg=ffffff', 'https://www.officedepot.com/pictures/us/od/sk/lg/956743_sk_lg.jpg', 'https://pics.drugstore.com/prodimg/468970/450.jpg', 'http://images.lowes.com/product/converted/022000/022000014757lg.jpg']",022000014757,Gum ,Orbit,"Sugarfree Gum, Bubblemint ",25,Gum & Mints,Desserts
INVALID_UPC,NA,NA,NA,NA,NA,NA,NA,NA,000000003324,ESCAROLE/BATAVIAN CHICORY,,ESCAROLE/BATAVIAN CHICORY,100,Fresh,Produce
INVALID_UPC,NA,NA,NA,NA,NA,NA,NA,NA,000000003097,ROMAINE LETTUCE,,ROMAINE LETTUCE,100,Fresh,Produce
INVALID_UPC,NA,NA,NA,NA,NA,NA,NA,NA,00815652002346A,Eggs,Pete and Gerry's,"Eggs, Organic, Free Range, Extra Large",90,Eggs & Substitutes,Dairy and eggs
OK,"Cracker Barrel Macaroni and Cheese, Sharp Cheddar, 14 Ounce",021000060672,"Cracker Barrel Sharp Cheddar Macaroni and Cheese Dinner: Makers of award-winning cheeseNo artificial flavors and or dyesCracker Barrel cheese dinner features a smooth and creamy flavorRenowned for over 60 yearsContains 310 calories per servingEasy to prepare: boil in 8 cups of water, stir in macaroni, drain, return to pan and squeeze cheese sauce in while stirringOne box makes 4 servings",Cracker Barrel,,2.62,25.7,"['https://jetimages.jetcdn.net/md5/013ee4cf9a807e2a46c3d7ad1fe2d81d.500', 'https://target.scene7.com/is/image/Target/GUEST_9af00fd8-1ef0-4636-8b21-a8d754973b0e?wid=1000&hei=1000', 'https://i5.walmartimages.com/asr/77fb5ee2-8b77-4a5f-8180-264f57e631e0_1.5942bb8d40c02d191000543dca155de8.jpeg?odnHeight=450&odnWidth=450&odnBg=ffffff']",021000060672,Macaroni,Cracker Barrel,Macaroni & Cheese Dinner Sharp Cheddar,70,Bread Products,Grains
OK,"Poland Spring 100% Natural Spring Water (16.9 oz. bottles, 40 pk.)",075720904525,"100% natural spring water Easy to take along in a purse or backpack Zero calories, no sweeteners and no artificial colors or flavors Contains naturally balanced minerals for a crisp, clean taste Every bottle is 100% recyclable (excluding label and cap)",poland spring,,4.98,38.18,['http://scene7.samsclub.com/is/image/samsclub/0007572090452_A?$img_size_211x208$'],075720904525,Water,Poland Spring,Water,100,Unsweetened Water,Coffee tea water
INVALID_UPC,NA,NA,NA,NA,NA,NA,NA,NA,003400003078,Chocolate,York,"Chocolate, Dark, Covered Peppermint Patties",6,"Cookies, Candy, & Chocolate",Desserts
OK,"Swanson Unsalted Beef Flavored Broth, 32 oz",051000224644,"Made from simple, high-quality ingredients you can recognizeCrafted with real farm-sourced beef and vegetables that are picked at peak freshness100% natural. No MSG added*Except small amount of glutamate occurs naturally in yeast extractPerfect broth to season to your tasteBuild your confidence in the kitchen by discovering our balanced product made with careSwanson &reg; 100% Natural Unsalted Beef Broth adds richness to your food without adding salt. Let our trustworthy broth act as the perfect foundation...",Campbell Soup Company,,1.98,55.85,"['https://jetimages.jetcdn.net/md5/ff3ad1704e14b43ce9464918b23a1f31.500', 'https://target.scene7.com/is/image/Target/GUEST_e803c7af-7900-4615-b7e0-3865a94cbb50?wid=1000&hei=1000', 'https://i5.walmartimages.com/asr/f22d357c-6439-4b4c-b750-78ed2c6a3a7d_1.fd447b60cdcdde8882f1fa4864cb2847.jpeg?odnHeight=450&odnWidth=450&odnBg=ffffff']",051000224644,Broth,Swanson,"Broth, Unsalted Beef Flavored",60,Soups & Broths,Prepared meals
OK,Campbell's Healthy Request Cream of Celery Condensed Soup 10.75 oz,051000065698,"Campbell?? Condensed Healthy Request Cream of Celery Soup is a smooth and delicate blend of celery and savory cream. Flavorful and versatile, keep our heart-healthy, red-and-white can stocked for family-pleasing recipes.",Campbell's,,0,2.66,"['http://images.jet.com/md5/6dc227d1582701aecc521d496e1c8fe1.500', 'http://ct.mywebgrocer.com/legacy/productimagesroot/DJ/6/74716.jpg', 'https://target.scene7.com/is/image/Target/GUEST_1c896f3b-5a20-447a-977d-6690f45f6a56?wid=1000&hei=1000', 'https://i5.walmartimages.com/asr/a255beb6-b0d5-4659-a115-c06467555d96_1.f390a840cfef52c8e6db741b8d54e480.jpeg?odnHeight=450&odnWidth=450&odnBg=ffffff']",051000065698,Soup,Campbells,"Soup, Condensed, Cream of Celery",48,Soups & Broths,Prepared meals
